{
	"name": "Booking Engine Omnibees",
	"version": "1.0.3",
	"download_url": "https://widgets.omnibees.com/manual/download/booking-engine.zip",

	"homepage": "https://omnibees.com/",
	"requires": "3.9",
	"tested": "5.0.2",
	"last_updated": "2020-12-03 16:17:00",
	"upgrade_notice": "Here's why you should upgrade...",

	"author": "Thallyson Dias",
	"author_homepage": "https://github.com/thallysondias/",

	"sections": {
		"description": "(Required) Plugin description. Basic HTML can be used in all sections.",
		"installation": "(Recommended) Installation instructions.",
		"changelog": "(Recommended) Changelog. <p>This section will be displayed by default when the user clicks 'View version x.y.z details'.</p>",
		"custom_section": "This is a custom section labeled 'Custom Section'."
	},
	
	"icons" : {
		"1x" : "http://w-shadow.com/files/external-update-example/assets/icon-128x128.png",
		"2x" : "http://w-shadow.com/files/external-update-example/assets/icon-256x256.png"
    },

	"banners": {
		"low": "http://w-shadow.com/files/external-update-example/assets/banner-772x250.png",
		"high": "http://w-shadow.com/files/external-update-example/assets/banner-1544x500.png"
	},

	"rating": 90,
	"num_ratings": 123,

	"downloaded": 1234,
	"active_installs": 12345
}